{
  "sub-01": {
    "nll": 6679.579914438528,
    "c": 0.9999994251157202,
    "phi": 0.021811856728486567,
    "t0": 0.9999993937515728,
    "F": 1.8852997322027898,
    "n_params": 4,
    "converged": true
  },
  "sub-02": {
    "nll": 7473.431014621403,
    "c": 0.9999999991724149,
    "phi": 0.006663357951731695,
    "t0": 0.9214994594951867,
    "F": 1.554242816308758,
    "n_params": 4,
    "converged": true
  },
  "sub-03": {
    "nll": 6860.175599429176,
    "c": 0.9999994420669314,
    "phi": 0.17974818395885128,
    "t0": 0.9999999999995997,
    "F": 1.999999376674918,
    "n_params": 4,
    "converged": true
  },
  "sub-04": {
    "nll": 4838.614362128465,
    "c": 0.999999999999848,
    "phi": 0.2248944912917351,
    "t0": 0.99999962801872,
    "F": 1.6553105553145149,
    "n_params": 4,
    "converged": true
  },
  "sub-05": {
    "nll": 5713.817755720662,
    "c": 0.3553475006707462,
    "phi": 4.169162715854824e-07,
    "t0": 0.8920499999999991,
    "F": 1.907706261929973,
    "n_params": 4,
    "converged": true
  },
  "sub-06": {
    "nll": 6067.646246836105,
    "c": 0.7468803016509122,
    "phi": 0.17489534080468908,
    "t0": 0.9999993912254718,
    "F": 1.9999995270975885,
    "n_params": 4,
    "converged": true
  },
  "sub-07": {
    "nll": 6789.057578732963,
    "c": 0.9999999937346928,
    "phi": 0.03357710839220687,
    "t0": 0.9999993912254718,
    "F": 1.999999371707662,
    "n_params": 4,
    "converged": true
  },
  "sub-08": {
    "nll": 8651.786429243473,
    "c": 0.9999999999996803,
    "phi": 0.04771775617150818,
    "t0": 0.9999993912254718,
    "F": 1.6603899521769365,
    "n_params": 4,
    "converged": true
  },
  "sub-09": {
    "nll": 6024.369046912459,
    "c": 0.5263148795277982,
    "phi": 0.04872917981876881,
    "t0": 0.7951496365737175,
    "F": 1.8709469563192962,
    "n_params": 4,
    "converged": true
  },
  "sub-10": {
    "nll": 5838.024485196793,
    "c": 0.6988664709591416,
    "phi": 0.0043310933964469354,
    "t0": 0.9999999999997139,
    "F": 1.999999596385719,
    "n_params": 4,
    "converged": true
  },
  "sub-11": {
    "nll": 3567.8250144882713,
    "c": 0.9999993598765681,
    "phi": 0.10426375091622536,
    "t0": 0.9999999999996734,
    "F": 1.9999994196161246,
    "n_params": 4,
    "converged": true
  },
  "sub-12": {
    "nll": 4678.284834244548,
    "c": 0.9999994491141707,
    "phi": 0.1928380427943052,
    "t0": 0.9999994408321407,
    "F": 1.9999999999996272,
    "n_params": 4,
    "converged": true
  },
  "sub-13": {
    "nll": 8866.735660908167,
    "c": 0.999999566021584,
    "phi": 0.09622742524030878,
    "t0": 0.8720999999998035,
    "F": 1.627268988114276,
    "n_params": 4,
    "converged": true
  },
  "sub-14": {
    "nll": 6177.953527372267,
    "c": 0.6296316382196306,
    "phi": 0.010016177201653181,
    "t0": 0.2546,
    "F": 1.9999993352316734,
    "n_params": 4,
    "converged": true
  },
  "sub-15": {
    "nll": 4419.277745685266,
    "c": 0.7035547955494803,
    "phi": 0.0910491136426252,
    "t0": 0.9999993912254718,
    "F": 1.9999992919727034,
    "n_params": 4,
    "converged": true
  },
  "sub-16": {
    "nll": 3667.5178114561236,
    "c": 0.7084736934616483,
    "phi": 0.08913638334737808,
    "t0": 0.9999999999996492,
    "F": 1.9999999512170754,
    "n_params": 4,
    "converged": true
  },
  "sub-17": {
    "nll": 1270.1930374406431,
    "c": 0.9999994258590587,
    "phi": 0.17609033703742816,
    "t0": 0.9999993912254719,
    "F": 1.9999999999999936,
    "n_params": 4,
    "converged": true
  },
  "sub-18": {
    "nll": 6879.384774177901,
    "c": 0.9999999999996587,
    "phi": 0.01210421464869776,
    "t0": 0.9999993914175612,
    "F": 1.8945553021572015,
    "n_params": 4,
    "converged": true
  },
  "sub-19": {
    "nll": 5296.617205760509,
    "c": 0.9999993809646882,
    "phi": 0.13030826657995892,
    "t0": 0.19854999999969983,
    "F": 1.9999999820762016,
    "n_params": 4,
    "converged": true
  },
  "sub-20": {
    "nll": 3074.625621655045,
    "c": 0.7661486068319234,
    "phi": 0.17175886291888628,
    "t0": 0.9999993912254769,
    "F": 2.0,
    "n_params": 4,
    "converged": true
  },
  "sub-21": {
    "nll": 6666.868894970075,
    "c": 0.9999999999998427,
    "phi": 0.04332956170350421,
    "t0": 0.9670994198375624,
    "F": 1.5390077992890674,
    "n_params": 4,
    "converged": true
  },
  "sub-22": {
    "nll": 5562.954941450782,
    "c": 0.5572572818357733,
    "phi": 0.04122973524348039,
    "t0": 0.9999999999999999,
    "F": 1.2172013512275084,
    "n_params": 4,
    "converged": true
  },
  "sub-23": {
    "nll": 6393.142378930976,
    "c": 0.9999995731201863,
    "phi": 0.06667638116046172,
    "t0": 0.9999999999996712,
    "F": 1.9999994264558882,
    "n_params": 4,
    "converged": true
  },
  "sub-24": {
    "nll": 6995.707194356688,
    "c": 0.9999996499677442,
    "phi": 0.09281295220184291,
    "t0": 0.9999999999997421,
    "F": 1.8528949142634916,
    "n_params": 4,
    "converged": true
  },
  "sub-25": {
    "nll": 5655.4219342489305,
    "c": 0.9999999999998079,
    "phi": 0.09979517188363758,
    "t0": 0.9991492169701075,
    "F": 1.9574057037169275,
    "n_params": 4,
    "converged": true
  },
  "sub-26": {
    "nll": 8750.189784414659,
    "c": 0.9999993571814902,
    "phi": 0.1219530263369342,
    "t0": 0.9999993912254718,
    "F": 1.6652459934191937,
    "n_params": 4,
    "converged": true
  },
  "sub-27": {
    "nll": 4756.311366839358,
    "c": 0.9999995975597042,
    "phi": 0.07776479962318279,
    "t0": 0.9999999999996351,
    "F": 1.999999986631922,
    "n_params": 4,
    "converged": true
  },
  "sub-28": {
    "nll": 4406.440863688747,
    "c": 0.7162921143471433,
    "phi": 0.07851263653894654,
    "t0": 0.999999392099861,
    "F": 1.9999993800980502,
    "n_params": 4,
    "converged": true
  },
  "sub-29": {
    "nll": 2746.4474047644712,
    "c": 0.9999995593522663,
    "phi": 0.15391981012182618,
    "t0": 0.19759946421094382,
    "F": 1.9999999999997677,
    "n_params": 4,
    "converged": true
  },
  "sub-30": {
    "nll": 6755.033241359756,
    "c": 0.9999995654592176,
    "phi": 0.06694833893557006,
    "t0": 0.9999993912254718,
    "F": 1.9999993472524664,
    "n_params": 4,
    "converged": true
  },
  "sub-31": {
    "nll": 7037.8032648198005,
    "c": 0.6711130871648731,
    "phi": 0.024618979108784352,
    "t0": 0.8074999999999996,
    "F": 1.2874718748435452,
    "n_params": 4,
    "converged": true
  },
  "sub-32": {
    "nll": 6693.861713202427,
    "c": 0.9999994228610702,
    "phi": 0.171376598845467,
    "t0": 0.9999999999996734,
    "F": 1.9999994521528377,
    "n_params": 4,
    "converged": true
  },
  "sub-33": {
    "nll": 6410.949394535612,
    "c": 0.9999999999976654,
    "phi": 0.007618642195455642,
    "t0": 0.999999391499268,
    "F": 1.9999996472137194,
    "n_params": 4,
    "converged": true
  },
  "sub-34": {
    "nll": 5069.831808698074,
    "c": 0.34359234107276,
    "phi": 0.081199139774866,
    "t0": 0.6773499999997247,
    "F": 1.182052993616409,
    "n_params": 4,
    "converged": true
  },
  "sub-35": {
    "nll": 7113.839144487746,
    "c": 0.999999999999733,
    "phi": 5.312317801080284e-07,
    "t0": 0.8027496691839363,
    "F": 1.9903151768879224,
    "n_params": 4,
    "converged": true
  },
  "sub-36": {
    "nll": 6039.720344955924,
    "c": 0.5389903631608223,
    "phi": 5.821853105073264e-05,
    "t0": 0.873049999999866,
    "F": 1.7192220744977593,
    "n_params": 4,
    "converged": true
  },
  "sub-37": {
    "nll": 5881.429019474841,
    "c": 0.9999994356503735,
    "phi": 0.022037040843694934,
    "t0": 0.9999999999999999,
    "F": 1.8595341869134443,
    "n_params": 4,
    "converged": true
  },
  "sub-38": {
    "nll": 6605.8666833243415,
    "c": 0.9999999999997479,
    "phi": 0.07548145485933341,
    "t0": 0.9999993912254718,
    "F": 1.9999995552906833,
    "n_params": 4,
    "converged": true
  },
  "sub-39": {
    "nll": 3461.9947947317514,