{
  "sub-01": {
    "nll": 6637.824218009558,
    "n_params": 4,
    "converged": true,
    "params": {
      "d": 0.1298077470447168,
      "w1": 1.7073856430465346,
      "t0": 0.9999993912256739,
      "F": 1.9999999957760284,
      "tau": -0.8,
      "s": 0.25
    }
  },
  "sub-02": {
    "nll": 7400.648749591208,
    "n_params": 4,
    "converged": true,
    "params": {
      "d": 0.10075548261914152,
      "w1": 1.6055425008814548,
      "t0": 0.9214999999997181,
      "F": 1.6460820356639834,
      "tau": -0.8,
      "s": 0.25
    }
  },
  "sub-03": {
    "nll": 6977.299032337904,
    "n_params": 4,
    "converged": true,
    "params": {
      "d": 0.38669562361180965,
      "w1": 2.206598506763885,
      "t0": 0.9999999999996734,
      "F": 1.9999995272895374,
      "tau": -0.8,
      "s": 0.25
    }
  },
  "sub-04": {
    "nll": 4834.915259129012,
    "n_params": 4,
    "converged": true,
    "params": {
      "d": 0.5069194590023232,
      "w1": 3.570923043619817,
      "t0": 0.9999999999999998,
      "F": 1.800813270223104,
      "tau": -0.8,
      "s": 0.25
    }
  },
  "sub-05": {
    "nll": 5773.306122418517,
    "n_params": 4,
    "converged": true,
    "params": {
      "d": 5.363475592965989e-07,
      "w1": 0.9942851332820126,
      "t0": 0.8920495022884655,
      "F": 1.5280450654584568,
      "tau": -0.8,
      "s": 0.25
    }
  },
  "sub-06": {
    "nll": 6122.860867710816,
    "n_params": 4,
    "converged": true,
    "params": {
      "d": 0.2419965349269267,
      "w1": 1.1242193044484103,
      "t0": 0.9999993912254718,
      "F": 1.9999995270975828,
      "tau": -0.8,
      "s": 0.25
    }
  },
  "sub-07": {
    "nll": 6772.123341629257,
    "n_params": 4,
    "converged": true,
    "params": {
      "d": 0.05844160391697537,
      "w1": 0.9668108208732692,
      "t0": 0.9999999999999998,
      "F": 1.9999996578526638,
      "tau": -0.8,
      "s": 0.25
    }
  },
  "sub-08": {
    "nll": 8628.696162798456,
    "n_params": 4,
    "converged": true,
    "params": {
      "d": 0.10726411911750096,
      "w1": 1.1583285096345246,
      "t0": 0.9999999999997441,
      "F": 1.6619931140018656,
      "tau": -0.8,
      "s": 0.25
    }
  },
  "sub-09": {
    "nll": 6023.316579437458,
    "n_params": 4,
    "converged": true,
    "params": {
      "d": 0.04207667419033844,
      "w1": 1.06182913562366,
      "t0": 0.7951499999997765,
      "F": 1.83694039438714,
      "tau": -0.8,
      "s": 0.25
    }
  },
  "sub-10": {
    "nll": 5829.325465529071,
    "n_params": 4,
    "converged": true,
    "params": {
      "d": 0.026427838460635122,
      "w1": 1.1179657768361926,
      "t0": 0.9999999999996146,
      "F": 1.9999996000340585,
      "tau": -0.8,
      "s": 0.25
    }
  },
  "sub-11": {
    "nll": 3582.4542107739503,
    "n_params": 4,
    "converged": true,
    "params": {
      "d": 0.20701681874825972,
      "w1": 1.4517524532086752,
      "t0": 0.9999993915011075,
      "F": 1.9999999999997378,
      "tau": -0.8,
      "s": 0.25
    }
  },
  "sub-12": {
    "nll": 4739.087439790544,
    "n_params": 4,
    "converged": true,
    "params": {
      "d": 0.43024558374016225,
      "w1": 2.5855175779821833,
      "t0": 0.9999993906418005,
      "F": 1.9999999999996851,
      "tau": -0.8,
      "s": 0.25
    }
  },
  "sub-13": {
    "nll": 8860.392459645038,
    "n_params": 4,
    "converged": true,
    "params": {
      "d": 0.17870521142179677,
      "w1": 1.2012454783832685,
      "t0": 0.8720999999997114,
      "F": 1.6603043827207444,
      "tau": -0.8,
      "s": 0.25
    }
  },
  "sub-14": {
    "nll": 6160.785720753689,
    "n_params": 4,
    "converged": true,
    "params": {
      "d": 1.792922353789201e-13,
      "w1": 0.9713306220821402,
      "t0": 0.25459957487517426,
      "F": 1.9999996446007273,
      "tau": -0.8,
      "s": 0.25
    }
  },
  "sub-15": {
    "nll": 4408.88567809809,
    "n_params": 4,
    "converged": true,
    "params": {
      "d": 0.1233056110915898,
      "w1": 1.1046631958891817,
      "t0": 0.9999999999996734,
      "F": 1.9999993493641652,
      "tau": -0.8,
      "s": 0.25
    }
  },
  "sub-16": {
    "nll": 3658.8230770726386,
    "n_params": 4,
    "converged": true,
    "params": {
      "d": 0.15103570545063838,
      "w1": 1.318194976907968,
      "t0": 0.9999999999996734,
      "F": 1.999999527288536,
      "tau": -0.8,
      "s": 0.25
    }
  },
  "sub-17": {
    "nll": 1290.491903678014,
    "n_params": 4,
    "converged": true,
    "params": {
      "d": 0.3957445184441824,
      "w1": 2.6614054364355018,
      "t0": 0.9999999999999998,
      "F": 1.9999995270975885,
      "tau": -0.8,
      "s": 0.25
    }
  },
  "sub-18": {
    "nll": 6863.548591689238,
    "n_params": 4,
    "converged": true,
    "params": {
      "d": 0.038200495025206734,
      "w1": 0.9884578725696624,
      "t0": 0.9999999999996473,
      "F": 1.8357742552466487,
      "tau": -0.8,
      "s": 0.25
    }
  },
  "sub-19": {
    "nll": 5370.231492391717,
    "n_params": 4,
    "converged": true,
    "params": {
      "d": 0.2778449427896899,
      "w1": 1.7166203293515734,
      "t0": 0.19854975914486636,
      "F": 1.9999999999997007,
      "tau": -0.8,
      "s": 0.25
    }
  },
  "sub-20": {
    "nll": 3127.7388495178175,
    "n_params": 4,
    "converged": true,
    "params": {
      "d": 0.2568376145991267,
      "w1": 1.3655028947530827,
      "t0": 0.9999994614979113,
      "F": 1.9999999999997733,
      "tau": -0.8,
      "s": 0.25
    }
  },
  "sub-21": {
    "nll": 6614.510920577169,
    "n_params": 4,
    "converged": true,
    "params": {
      "d": 0.1663701414144516,
      "w1": 1.8254453700001767,
      "t0": 0.967099466955571,
      "F": 1.6315649658918276,
      "tau": -0.8,
      "s": 0.25
    }
  },
  "sub-22": {
    "nll": 5544.791810860195,
    "n_params": 4,
    "converged": true,
    "params": {
      "d": 0.051606874613635764,
      "w1": 1.1428938474013224,
      "t0": 0.9999993932117347,
      "F": 1.1996505724105953,
      "tau": -0.8,
      "s": 0.25
    }
  },
  "sub-23": {
    "nll": 6385.610664606194,
    "n_params": 4,
    "converged": true,
    "params": {
      "d": 0.1739869139922034,
      "w1": 1.5385069765403356,
      "t0": 0.9999999999999992,
      "F": 1.9999995134123503,
      "tau": -0.8,
      "s": 0.25
    }
  },
  "sub-24": {
    "nll": 7032.365682539224,
    "n_params": 4,
    "converged": true,
    "params": {
      "d": 0.1977280775467985,
      "w1": 1.5187276727022405,
      "t0": 0.9999999999996734,
      "F": 1.9503538153293392,
      "tau": -0.8,
      "s": 0.25
    }
  },
  "sub-25": {
    "nll": 5611.153027068402,
    "n_params": 4,
    "converged": true,
    "params": {
      "d": 0.2486446922116327,
      "w1": 1.8433587807939842,
      "t0": 0.9999999999999998,
      "F": 1.9999995801094472,
      "tau": -0.8,
      "s": 0.25
    }
  },
  "sub-26": {
    "nll": 8739.406350775833,
    "n_params": 4,
    "converged": true,
    "params": {
      "d": 0.2661362516457033,
      "w1": 1.7963655510198357,
      "t0": 0.9999999999997331,
      "F": 1.7809667316663582,
      "tau": -0.8,
      "s": 0.25
    }
  },
  "sub-27": {
    "nll": 4754.771019344943,
    "n_params": 4,
    "converged": true,
    "params": {
      "d": 0.18717413033125543,
      "w1": 1.5278554974944072,
      "t0": 0.9999993912254718,
      "F": 1.9999994396156375,
      "tau": -0.8,
      "s": 0.25
    }
  },
  "sub-28": {
    "nll": 4397.304544831088,
    "n_params": 4,
    "converged": true,
    "params": {
      "d": 0.13488556961197332,
      "w1": 1.3247670504637181,
      "t0": 0.9999999778284422,
      "F": 1.9999994975436304,
      "tau": -0.8,
      "s": 0.25
    }
  },
  "sub-29": {
    "nll": 2774.9291277831317,
    "n_params": 4,
    "converged": true,
    "params": {
      "d": 0.31030781287897324,
      "w1": 1.8808012513182761,
      "t0": 0.1975994642003919,
      "F": 1.9999999999997677,
      "tau": -0.8,
      "s": 0.25
    }
  },